type_baie;presence_soubassement;materiau;type_vitrage;type_pose;type_survitrage;sw;tv_sw_id
brique_verre_pleine;;;;;;0.4;1
brique_verre_creuse;;;;;;0.4;2
polycarbonate;;;;;;0.4;3
fenetre_battante;;pvc;simple_vitrage;nu_exterieur;;0.58;4
fenetre_battante;;pvc;double_vitrage;nu_exterieur;;0.52;5
fenetre_battante;;pvc;double_vitrage_fe;nu_exterieur;;0.45;6
fenetre_battante;;pvc;triple_vitrage;nu_exterieur;;0.46;7
fenetre_battante;;pvc;triple_vitrage_fe;nu_exterieur;;0.41;8
fenetre_battante;;pvc;simple_vitrage;nu_exterieur;simple;0.52;5
fenetre_battante;;pvc;simple_vitrage;nu_exterieur;faible_emissivite;0.45;6
fenetre_battante;;pvc;simple_vitrage;nu_interieur;;0.52;89
fenetre_battante;;pvc;double_vitrage;nu_interieur;;0.47;90
fenetre_battante;;pvc;double_vitrage_fe;nu_interieur;;0.4;91
fenetre_battante;;pvc;triple_vitrage;nu_interieur;;0.41;92
fenetre_battante;;pvc;triple_vitrage_fe;nu_interieur;;0.37;93
fenetre_battante;;pvc;simple_vitrage;nu_interieur;simple;0.47;90
fenetre_battante;;pvc;simple_vitrage;nu_interieur;faible_emissivite;0.4;91
fenetre_battante;;pvc;simple_vitrage;tunnel;;0.52;89
fenetre_battante;;pvc;double_vitrage;tunnel;;0.47;90
fenetre_battante;;pvc;double_vitrage_fe;tunnel;;0.4;91
fenetre_battante;;pvc;triple_vitrage;tunnel;;0.41;92
fenetre_battante;;pvc;triple_vitrage_fe;tunnel;;0.37;93
fenetre_battante;;pvc;simple_vitrage;tunnel;simple;0.47;90
fenetre_battante;;pvc;simple_vitrage;tunnel;faible_emissivite;0.4;91
fenetre_battante;;bois;simple_vitrage;nu_exterieur;;0.58;4
fenetre_battante;;bois;double_vitrage;nu_exterieur;;0.52;5
fenetre_battante;;bois;double_vitrage_fe;nu_exterieur;;0.45;6
fenetre_battante;;bois;triple_vitrage;nu_exterieur;;0.46;7
fenetre_battante;;bois;triple_vitrage_fe;nu_exterieur;;0.41;8
fenetre_battante;;bois;simple_vitrage;nu_exterieur;simple;0.52;5
fenetre_battante;;bois;simple_vitrage;nu_exterieur;faible_emissivite;0.45;6
fenetre_battante;;bois;simple_vitrage;nu_interieur;;0.52;89
fenetre_battante;;bois;double_vitrage;nu_interieur;;0.47;90
fenetre_battante;;bois;double_vitrage_fe;nu_interieur;;0.4;91
fenetre_battante;;bois;triple_vitrage;nu_interieur;;0.41;92
fenetre_battante;;bois;triple_vitrage_fe;nu_interieur;;0.37;93
fenetre_battante;;bois;simple_vitrage;nu_interieur;simple;0.47;90
fenetre_battante;;bois;simple_vitrage;nu_interieur;faible_emissivite;0.4;91
fenetre_battante;;bois;simple_vitrage;tunnel;;0.52;89
fenetre_battante;;bois;double_vitrage;tunnel;;0.47;90
fenetre_battante;;bois;double_vitrage_fe;tunnel;;0.4;91
fenetre_battante;;bois;triple_vitrage;tunnel;;0.41;92
fenetre_battante;;bois;triple_vitrage_fe;tunnel;;0.37;93
fenetre_battante;;bois;simple_vitrage;tunnel;simple;0.47;90
fenetre_battante;;bois;simple_vitrage;tunnel;faible_emissivite;0.4;91
fenetre_battante;;bois_metal;simple_vitrage;nu_exterieur;;0.54;24
fenetre_battante;;bois_metal;double_vitrage;nu_exterieur;;0.48;25
fenetre_battante;;bois_metal;double_vitrage_fe;nu_exterieur;;0.42;26
fenetre_battante;;bois_metal;triple_vitrage;nu_exterieur;;0.43;27
fenetre_battante;;bois_metal;triple_vitrage_fe;nu_exterieur;;0.39;28
fenetre_battante;;bois_metal;simple_vitrage;nu_exterieur;simple;0.48;25
fenetre_battante;;bois_metal;simple_vitrage;nu_exterieur;faible_emissivite;0.42;26
fenetre_battante;;bois_metal;simple_vitrage;nu_interieur;;0.49;109
fenetre_battante;;bois_metal;double_vitrage;nu_interieur;;0.44;110
fenetre_battante;;bois_metal;double_vitrage_fe;nu_interieur;;0.38;111
fenetre_battante;;bois_metal;triple_vitrage;nu_interieur;;0.39;112
fenetre_battante;;bois_metal;triple_vitrage_fe;nu_interieur;;0.35;113
fenetre_battante;;bois_metal;simple_vitrage;nu_interieur;simple;0.44;110
fenetre_battante;;bois_metal;simple_vitrage;nu_interieur;faible_emissivite;0.38;111
fenetre_battante;;bois_metal;simple_vitrage;tunnel;;0.49;109
fenetre_battante;;bois_metal;double_vitrage;tunnel;;0.44;110
fenetre_battante;;bois_metal;double_vitrage_fe;tunnel;;0.38;111
fenetre_battante;;bois_metal;triple_vitrage;tunnel;;0.39;112
fenetre_battante;;bois_metal;triple_vitrage_fe;tunnel;;0.35;113
fenetre_battante;;bois_metal;simple_vitrage;tunnel;simple;0.44;110
fenetre_battante;;bois_metal;simple_vitrage;tunnel;faible_emissivite;0.38;111
fenetre_battante;;metal;simple_vitrage;nu_exterieur;;0.59;49
fenetre_battante;;metal;double_vitrage;nu_exterieur;;0.53;50
fenetre_battante;;metal;double_vitrage_fe;nu_exterieur;;0.46;51
fenetre_battante;;metal;triple_vitrage;nu_exterieur;;0.47;52
fenetre_battante;;metal;triple_vitrage_fe;nu_exterieur;;0.42;53
fenetre_battante;;metal;simple_vitrage;nu_exterieur;simple;0.53;50
fenetre_battante;;metal;simple_vitrage;nu_exterieur;faible_emissivite;0.46;51
fenetre_battante;;metal;simple_vitrage;nu_interieur;;0.53;134
fenetre_battante;;metal;double_vitrage;nu_interieur;;0.48;135
fenetre_battante;;metal;double_vitrage_fe;nu_interieur;;0.41;136
fenetre_battante;;metal;triple_vitrage;nu_interieur;;0.42;137
fenetre_battante;;metal;triple_vitrage_fe;nu_interieur;;0.38;138
fenetre_battante;;metal;simple_vitrage;nu_interieur;simple;0.48;135
fenetre_battante;;metal;simple_vitrage;nu_interieur;faible_emissivite;0.41;136
fenetre_battante;;metal;simple_vitrage;tunnel;;0.53;134
fenetre_battante;;metal;double_vitrage;tunnel;;0.48;135
fenetre_battante;;metal;double_vitrage_fe;tunnel;;0.41;136
fenetre_battante;;metal;triple_vitrage;tunnel;;0.42;137
fenetre_battante;;metal;triple_vitrage_fe;tunnel;;0.38;138
fenetre_battante;;metal;simple_vitrage;tunnel;simple;0.48;135
fenetre_battante;;metal;simple_vitrage;tunnel;faible_emissivite;0.41;136
fenetre_battante;;metal;simple_vitrage;nu_exterieur;;0.61;69
fenetre_battante;;metal;double_vitrage;nu_exterieur;;0.55;70
fenetre_battante;;metal;double_vitrage_fe;nu_exterieur;;0.48;71
fenetre_battante;;metal;triple_vitrage;nu_exterieur;;0.49;72
fenetre_battante;;metal;triple_vitrage_fe;nu_exterieur;;0.44;73
fenetre_battante;;metal;simple_vitrage;nu_exterieur;simple;0.55;70
fenetre_battante;;metal;simple_vitrage;nu_exterieur;faible_emissivite;0.48;71
fenetre_battante;;metal;simple_vitrage;nu_interieur;;0.55;154
fenetre_battante;;metal;double_vitrage;nu_interieur;;0.49;155
fenetre_battante;;metal;double_vitrage_fe;nu_interieur;;0.43;156
fenetre_battante;;metal;triple_vitrage;nu_interieur;;0.44;157
fenetre_battante;;metal;triple_vitrage_fe;nu_interieur;;0.4;158
fenetre_battante;;metal;simple_vitrage;nu_interieur;simple;0.49;155
fenetre_battante;;metal;simple_vitrage;nu_interieur;faible_emissivite;0.43;156
fenetre_battante;;metal;simple_vitrage;tunnel;;0.55;154
fenetre_battante;;metal;double_vitrage;tunnel;;0.49;155
fenetre_battante;;metal;double_vitrage_fe;tunnel;;0.43;156
fenetre_battante;;metal;triple_vitrage;tunnel;;0.44;157
fenetre_battante;;metal;triple_vitrage_fe;tunnel;;0.4;158
fenetre_battante;;metal;simple_vitrage;tunnel;simple;0.49;155
fenetre_battante;;metal;simple_vitrage;tunnel;faible_emissivite;0.43;156
fenetre_coulissante;;pvc;simple_vitrage;nu_exterieur;;0.58;9
fenetre_coulissante;;pvc;double_vitrage;nu_exterieur;;0.52;10
fenetre_coulissante;;pvc;double_vitrage_fe;nu_exterieur;;0.45;11
fenetre_coulissante;;pvc;triple_vitrage;nu_exterieur;;0.46;12
fenetre_coulissante;;pvc;triple_vitrage_fe;nu_exterieur;;0.41;13
fenetre_coulissante;;pvc;simple_vitrage;nu_exterieur;simple;0.52;10
fenetre_coulissante;;pvc;simple_vitrage;nu_exterieur;faible_emissivite;0.45;11
fenetre_coulissante;;pvc;simple_vitrage;nu_interieur;;0.52;94
fenetre_coulissante;;pvc;double_vitrage;nu_interieur;;0.47;95
fenetre_coulissante;;pvc;double_vitrage_fe;nu_interieur;;0.4;96
fenetre_coulissante;;pvc;triple_vitrage;nu_interieur;;0.41;97
fenetre_coulissante;;pvc;triple_vitrage_fe;nu_interieur;;0.37;98
fenetre_coulissante;;pvc;simple_vitrage;nu_interieur;simple;0.47;95
fenetre_coulissante;;pvc;simple_vitrage;nu_interieur;faible_emissivite;0.4;96
fenetre_coulissante;;pvc;simple_vitrage;tunnel;;0.52;94
fenetre_coulissante;;pvc;double_vitrage;tunnel;;0.47;95
fenetre_coulissante;;pvc;double_vitrage_fe;tunnel;;0.4;96
fenetre_coulissante;;pvc;triple_vitrage;tunnel;;0.41;97
fenetre_coulissante;;pvc;triple_vitrage_fe;tunnel;;0.37;98
fenetre_coulissante;;pvc;simple_vitrage;tunnel;simple;0.47;95
fenetre_coulissante;;pvc;simple_vitrage;tunnel;faible_emissivite;0.4;96
fenetre_coulissante;;bois;simple_vitrage;nu_exterieur;;0.58;9
fenetre_coulissante;;bois;double_vitrage;nu_exterieur;;0.52;10
fenetre_coulissante;;bois;double_vitrage_fe;nu_exterieur;;0.45;11
fenetre_coulissante;;bois;triple_vitrage;nu_exterieur;;0.46;12
fenetre_coulissante;;bois;triple_vitrage_fe;nu_exterieur;;0.41;13
fenetre_coulissante;;bois;simple_vitrage;nu_exterieur;simple;0.52;10
fenetre_coulissante;;bois;simple_vitrage;nu_exterieur;faible_emissivite;0.45;11
fenetre_coulissante;;bois;simple_vitrage;nu_interieur;;0.52;94
fenetre_coulissante;;bois;double_vitrage;nu_interieur;;0.47;95
fenetre_coulissante;;bois;double_vitrage_fe;nu_interieur;;0.4;96
fenetre_coulissante;;bois;triple_vitrage;nu_interieur;;0.41;97
fenetre_coulissante;;bois;triple_vitrage_fe;nu_interieur;;0.37;98
fenetre_coulissante;;bois;simple_vitrage;nu_interieur;simple;0.47;95
fenetre_coulissante;;bois;simple_vitrage;nu_interieur;faible_emissivite;0.4;96
fenetre_coulissante;;bois;simple_vitrage;tunnel;;0.52;94
fenetre_coulissante;;bois;double_vitrage;tunnel;;0.47;95
fenetre_coulissante;;bois;double_vitrage_fe;tunnel;;0.4;96
fenetre_coulissante;;bois;triple_vitrage;tunnel;;0.41;97
fenetre_coulissante;;bois;triple_vitrage_fe;tunnel;;0.37;98
fenetre_coulissante;;bois;simple_vitrage;tunnel;simple;0.47;95
fenetre_coulissante;;bois;simple_vitrage;tunnel;faible_emissivite;0.4;96
fenetre_coulissante;;bois_metal;simple_vitrage;nu_exterieur;;0.6;29
fenetre_coulissante;;bois_metal;double_vitrage;nu_exterieur;;0.54;30
fenetre_coulissante;;bois_metal;double_vitrage_fe;nu_exterieur;;0.46;31
fenetre_coulissante;;bois_metal;triple_vitrage;nu_exterieur;;0.47;32
fenetre_coulissante;;bois_metal;triple_vitrage_fe;nu_exterieur;;0.43;33
fenetre_coulissante;;bois_metal;simple_vitrage;nu_exterieur;simple;0.54;30
fenetre_coulissante;;bois_metal;simple_vitrage;nu_exterieur;faible_emissivite;0.46;31
fenetre_coulissante;;bois_metal;simple_vitrage;nu_interieur;;0.54;114
fenetre_coulissante;;bois_metal;double_vitrage;nu_interieur;;0.48;115
fenetre_coulissante;;bois_metal;double_vitrage_fe;nu_interieur;;0.41;116
fenetre_coulissante;;bois_metal;triple_vitrage;nu_interieur;;0.43;117
fenetre_coulissante;;bois_metal;triple_vitrage_fe;nu_interieur;;0.38;118
fenetre_coulissante;;bois_metal;simple_vitrage;nu_interieur;simple;0.48;115
fenetre_coulissante;;bois_metal;simple_vitrage;nu_interieur;faible_emissivite;0.41;116
fenetre_coulissante;;bois_metal;simple_vitrage;tunnel;;0.54;114
fenetre_coulissante;;bois_metal;double_vitrage;tunnel;;0.48;115
fenetre_coulissante;;bois_metal;double_vitrage_fe;tunnel;;0.41;116
fenetre_coulissante;;bois_metal;triple_vitrage;tunnel;;0.43;117
fenetre_coulissante;;bois_metal;triple_vitrage_fe;tunnel;;0.38;118
fenetre_coulissante;;bois_metal;simple_vitrage;tunnel;simple;0.48;115
fenetre_coulissante;;bois_metal;simple_vitrage;tunnel;faible_emissivite;0.41;116
fenetre_coulissante;;metal;simple_vitrage;nu_exterieur;;0.65;54
fenetre_coulissante;;metal;double_vitrage;nu_exterieur;;0.58;55
fenetre_coulissante;;metal;double_vitrage_fe;nu_exterieur;;0.5;56
fenetre_coulissante;;metal;triple_vitrage;nu_exterieur;;0.52;57
fenetre_coulissante;;metal;triple_vitrage_fe;nu_exterieur;;0.46;58
fenetre_coulissante;;metal;simple_vitrage;nu_exterieur;simple;0.58;55
fenetre_coulissante;;metal;simple_vitrage;nu_exterieur;faible_emissivite;0.5;56
fenetre_coulissante;;metal;simple_vitrage;nu_interieur;;0.58;139
fenetre_coulissante;;metal;double_vitrage;nu_interieur;;0.52;140
fenetre_coulissante;;metal;double_vitrage_fe;nu_interieur;;0.45;141
fenetre_coulissante;;metal;triple_vitrage;nu_interieur;;0.46;142
fenetre_coulissante;;metal;triple_vitrage_fe;nu_interieur;;0.42;143
fenetre_coulissante;;metal;simple_vitrage;nu_interieur;simple;0.52;140
fenetre_coulissante;;metal;simple_vitrage;nu_interieur;faible_emissivite;0.45;141
fenetre_coulissante;;metal;simple_vitrage;tunnel;;0.58;139
fenetre_coulissante;;metal;double_vitrage;tunnel;;0.52;140
fenetre_coulissante;;metal;double_vitrage_fe;tunnel;;0.45;141
fenetre_coulissante;;metal;triple_vitrage;tunnel;;0.46;142
fenetre_coulissante;;metal;triple_vitrage_fe;tunnel;;0.42;143
fenetre_coulissante;;metal;simple_vitrage;tunnel;simple;0.52;140
fenetre_coulissante;;metal;simple_vitrage;tunnel;faible_emissivite;0.45;141
fenetre_coulissante;;metal;simple_vitrage;nu_exterieur;;0.67;74
fenetre_coulissante;;metal;double_vitrage;nu_exterieur;;0.6;75
fenetre_coulissante;;metal;double_vitrage_fe;nu_exterieur;;0.52;76
fenetre_coulissante;;metal;triple_vitrage;nu_exterieur;;0.53;77
fenetre_coulissante;;metal;triple_vitrage_fe;nu_exterieur;;0.48;78
fenetre_coulissante;;metal;simple_vitrage;nu_exterieur;simple;0.6;75
fenetre_coulissante;;metal;simple_vitrage;nu_exterieur;faible_emissivite;0.52;76
fenetre_coulissante;;metal;simple_vitrage;nu_interieur;;0.6;159
fenetre_coulissante;;metal;double_vitrage;nu_interieur;;0.54;160
fenetre_coulissante;;metal;double_vitrage_fe;nu_interieur;;0.47;161
fenetre_coulissante;;metal;triple_vitrage;nu_interieur;;0.48;162
fenetre_coulissante;;metal;triple_vitrage_fe;nu_interieur;;0.43;163
fenetre_coulissante;;metal;simple_vitrage;nu_interieur;simple;0.54;160
fenetre_coulissante;;metal;simple_vitrage;nu_interieur;faible_emissivite;0.47;161
fenetre_coulissante;;metal;simple_vitrage;tunnel;;0.6;159
fenetre_coulissante;;metal;double_vitrage;tunnel;;0.54;160
fenetre_coulissante;;metal;double_vitrage_fe;tunnel;;0.47;161
fenetre_coulissante;;metal;triple_vitrage;tunnel;;0.48;162
fenetre_coulissante;;metal;triple_vitrage_fe;tunnel;;0.43;163
fenetre_coulissante;;metal;simple_vitrage;tunnel;simple;0.54;160
fenetre_coulissante;;metal;simple_vitrage;tunnel;faible_emissivite;0.47;161
porte_fenetre_coulissante;;pvc;simple_vitrage;nu_exterieur;;0.62;14
porte_fenetre_coulissante;;pvc;double_vitrage;nu_exterieur;;0.55;15
porte_fenetre_coulissante;;pvc;double_vitrage_fe;nu_exterieur;;0.48;16
porte_fenetre_coulissante;;pvc;triple_vitrage;nu_exterieur;;0.49;17
porte_fenetre_coulissante;;pvc;triple_vitrage_fe;nu_exterieur;;0.44;18
porte_fenetre_coulissante;;pvc;simple_vitrage;nu_exterieur;simple;0.55;15
porte_fenetre_coulissante;;pvc;simple_vitrage;nu_exterieur;faible_emissivite;0.48;16
porte_fenetre_coulissante;;pvc;simple_vitrage;nu_interieur;;0.56;99
porte_fenetre_coulissante;;pvc;double_vitrage;nu_interieur;;0.5;100
porte_fenetre_coulissante;;pvc;double_vitrage_fe;nu_interieur;;0.43;101
porte_fenetre_coulissante;;pvc;triple_vitrage;nu_interieur;;0.44;102
porte_fenetre_coulissante;;pvc;triple_vitrage_fe;nu_interieur;;0.4;103
porte_fenetre_coulissante;;pvc;simple_vitrage;nu_interieur;simple;0.5;100
porte_fenetre_coulissante;;pvc;simple_vitrage;nu_interieur;faible_emissivite;0.43;101
porte_fenetre_coulissante;;pvc;simple_vitrage;tunnel;;0.56;99
porte_fenetre_coulissante;;pvc;double_vitrage;tunnel;;0.5;100
porte_fenetre_coulissante;;pvc;double_vitrage_fe;tunnel;;0.43;101
porte_fenetre_coulissante;;pvc;triple_vitrage;tunnel;;0.44;102
porte_fenetre_coulissante;;pvc;triple_vitrage_fe;tunnel;;0.4;103
porte_fenetre_coulissante;;pvc;simple_vitrage;tunnel;simple;0.5;100
porte_fenetre_coulissante;;pvc;simple_vitrage;tunnel;faible_emissivite;0.43;101
porte_fenetre_coulissante;;bois;simple_vitrage;nu_exterieur;;0.62;14
porte_fenetre_coulissante;;bois;double_vitrage;nu_exterieur;;0.55;15
porte_fenetre_coulissante;;bois;double_vitrage_fe;nu_exterieur;;0.48;16
porte_fenetre_coulissante;;bois;triple_vitrage;nu_exterieur;;0.49;17
porte_fenetre_coulissante;;bois;triple_vitrage_fe;nu_exterieur;;0.44;18
porte_fenetre_coulissante;;bois;simple_vitrage;nu_exterieur;simple;0.55;15
porte_fenetre_coulissante;;bois;simple_vitrage;nu_exterieur;faible_emissivite;0.48;16
porte_fenetre_coulissante;;bois;simple_vitrage;nu_interieur;;0.56;99
porte_fenetre_coulissante;;bois;double_vitrage;nu_interieur;;0.5;100
porte_fenetre_coulissante;;bois;double_vitrage_fe;nu_interieur;;0.43;101
porte_fenetre_coulissante;;bois;triple_vitrage;nu_interieur;;0.44;102
porte_fenetre_coulissante;;bois;triple_vitrage_fe;nu_interieur;;0.4;103
porte_fenetre_coulissante;;bois;simple_vitrage;nu_interieur;simple;0.5;100
porte_fenetre_coulissante;;bois;simple_vitrage;nu_interieur;faible_emissivite;0.43;101
porte_fenetre_coulissante;;bois;simple_vitrage;tunnel;;0.56;99
porte_fenetre_coulissante;;bois;double_vitrage;tunnel;;0.5;100
porte_fenetre_coulissante;;bois;double_vitrage_fe;tunnel;;0.43;101
porte_fenetre_coulissante;;bois;triple_vitrage;tunnel;;0.44;102
porte_fenetre_coulissante;;bois;triple_vitrage_fe;tunnel;;0.4;103
porte_fenetre_coulissante;;bois;simple_vitrage;tunnel;simple;0.5;100
porte_fenetre_coulissante;;bois;simple_vitrage;tunnel;faible_emissivite;0.43;101
porte_fenetre_coulissante;;bois_metal;simple_vitrage;nu_exterieur;;0.64;34
porte_fenetre_coulissante;;bois_metal;double_vitrage;nu_exterieur;;0.57;35
porte_fenetre_coulissante;;bois_metal;double_vitrage_fe;nu_exterieur;;0.49;36
porte_fenetre_coulissante;;bois_metal;triple_vitrage;nu_exterieur;;0.51;37
porte_fenetre_coulissante;;bois_metal;triple_vitrage_fe;nu_exterieur;;0.45;38
porte_fenetre_coulissante;;bois_metal;simple_vitrage;nu_exterieur;simple;0.57;35
porte_fenetre_coulissante;;bois_metal;simple_vitrage;nu_exterieur;faible_emissivite;0.49;36
porte_fenetre_coulissante;;bois_metal;simple_vitrage;nu_interieur;;0.57;119
porte_fenetre_coulissante;;bois_metal;double_vitrage;nu_interieur;;0.51;120
porte_fenetre_coulissante;;bois_metal;double_vitrage_fe;nu_interieur;;0.44;121
porte_fenetre_coulissante;;bois_metal;triple_vitrage;nu_interieur;;0.45;122
porte_fenetre_coulissante;;bois_metal;triple_vitrage_fe;nu_interieur;;0.41;123
porte_fenetre_coulissante;;bois_metal;simple_vitrage;nu_interieur;simple;0.51;120
porte_fenetre_coulissante;;bois_metal;simple_vitrage;nu_interieur;faible_emissivite;0.44;121
porte_fenetre_coulissante;;bois_metal;simple_vitrage;tunnel;;0.57;119
porte_fenetre_coulissante;;bois_metal;double_vitrage;tunnel;;0.51;120
porte_fenetre_coulissante;;bois_metal;double_vitrage_fe;tunnel;;0.44;121
porte_fenetre_coulissante;;bois_metal;triple_vitrage;tunnel;;0.45;122
porte_fenetre_coulissante;;bois_metal;triple_vitrage_fe;tunnel;;0.41;123
porte_fenetre_coulissante;;bois_metal;simple_vitrage;tunnel;simple;0.51;120
porte_fenetre_coulissante;;bois_metal;simple_vitrage;tunnel;faible_emissivite;0.44;121
porte_fenetre_coulissante;;metal;simple_vitrage;nu_exterieur;;0.7;59
porte_fenetre_coulissante;;metal;double_vitrage;nu_exterieur;;0.62;60
porte_fenetre_coulissante;;metal;double_vitrage_fe;nu_exterieur;;0.54;61
porte_fenetre_coulissante;;metal;triple_vitrage;nu_exterieur;;0.55;62
porte_fenetre_coulissante;;metal;triple_vitrage_fe;nu_exterieur;;0.5;63
porte_fenetre_coulissante;;metal;simple_vitrage;nu_exterieur;simple;0.62;60
porte_fenetre_coulissante;;metal;simple_vitrage;nu_exterieur;faible_emissivite;0.54;61
porte_fenetre_coulissante;;metal;simple_vitrage;nu_interieur;;0.63;144
porte_fenetre_coulissante;;metal;double_vitrage;nu_interieur;;0.56;145
porte_fenetre_coulissante;;metal;double_vitrage_fe;nu_interieur;;0.48;146
porte_fenetre_coulissante;;metal;triple_vitrage;nu_interieur;;0.5;147
porte_fenetre_coulissante;;metal;triple_vitrage_fe;nu_interieur;;0.45;148
porte_fenetre_coulissante;;metal;simple_vitrage;nu_interieur;simple;0.56;145
porte_fenetre_coulissante;;metal;simple_vitrage;nu_interieur;faible_emissivite;0.48;146
porte_fenetre_coulissante;;metal;simple_vitrage;tunnel;;0.63;144
porte_fenetre_coulissante;;metal;double_vitrage;tunnel;;0.56;145
porte_fenetre_coulissante;;metal;double_vitrage_fe;tunnel;;0.48;146
porte_fenetre_coulissante;;metal;triple_vitrage;tunnel;;0.5;147
porte_fenetre_coulissante;;metal;triple_vitrage_fe;tunnel;;0.45;148
porte_fenetre_coulissante;;metal;simple_vitrage;tunnel;simple;0.56;145
porte_fenetre_coulissante;;metal;simple_vitrage;tunnel;faible_emissivite;0.48;146
porte_fenetre_coulissante;;metal;simple_vitrage;nu_exterieur;;0.71;79
porte_fenetre_coulissante;;metal;double_vitrage;nu_exterieur;;0.64;80
porte_fenetre_coulissante;;metal;double_vitrage_fe;nu_exterieur;;0.55;81
porte_fenetre_coulissante;;metal;triple_vitrage;nu_exterieur;;0.56;82
porte_fenetre_coulissante;;metal;triple_vitrage_fe;nu_exterieur;;0.51;83
porte_fenetre_coulissante;;metal;simple_vitrage;nu_exterieur;simple;0.64;80
porte_fenetre_coulissante;;metal;simple_vitrage;nu_exterieur;faible_emissivite;0.55;81
porte_fenetre_coulissante;;metal;simple_vitrage;nu_interieur;;0.64;164
porte_fenetre_coulissante;;metal;double_vitrage;nu_interieur;;0.57;165
porte_fenetre_coulissante;;metal;double_vitrage_fe;nu_interieur;;0.49;166
porte_fenetre_coulissante;;metal;triple_vitrage;nu_interieur;;0.51;167
porte_fenetre_coulissante;;metal;triple_vitrage_fe;nu_interieur;;0.46;168
porte_fenetre_coulissante;;metal;simple_vitrage;nu_interieur;simple;0.57;165
porte_fenetre_coulissante;;metal;simple_vitrage;nu_interieur;faible_emissivite;0.49;166
porte_fenetre_coulissante;;metal;simple_vitrage;tunnel;;0.64;164
porte_fenetre_coulissante;;metal;double_vitrage;tunnel;;0.57;165
porte_fenetre_coulissante;;metal;double_vitrage_fe;tunnel;;0.49;166
porte_fenetre_coulissante;;metal;triple_vitrage;tunnel;;0.51;167
porte_fenetre_coulissante;;metal;triple_vitrage_fe;tunnel;;0.46;168
porte_fenetre_coulissante;;metal;simple_vitrage;tunnel;simple;0.57;165
porte_fenetre_coulissante;;metal;simple_vitrage;tunnel;faible_emissivite;0.49;166
porte_fenetre_battante;0;pvc;simple_vitrage;nu_exterieur;;0.62;14
porte_fenetre_battante;0;pvc;double_vitrage;nu_exterieur;;0.55;15
porte_fenetre_battante;0;pvc;double_vitrage_fe;nu_exterieur;;0.48;16
porte_fenetre_battante;0;pvc;triple_vitrage;nu_exterieur;;0.49;17
porte_fenetre_battante;0;pvc;triple_vitrage_fe;nu_exterieur;;0.44;18
porte_fenetre_battante;0;pvc;simple_vitrage;nu_exterieur;simple;0.55;15
porte_fenetre_battante;0;pvc;simple_vitrage;nu_exterieur;faible_emissivite;0.48;16
porte_fenetre_battante;0;pvc;simple_vitrage;nu_interieur;;0.56;99
porte_fenetre_battante;0;pvc;double_vitrage;nu_interieur;;0.5;100
porte_fenetre_battante;0;pvc;double_vitrage_fe;nu_interieur;;0.43;101
porte_fenetre_battante;0;pvc;triple_vitrage;nu_interieur;;0.44;102
porte_fenetre_battante;0;pvc;triple_vitrage_fe;nu_interieur;;0.4;103
porte_fenetre_battante;0;pvc;simple_vitrage;nu_interieur;simple;0.5;100
porte_fenetre_battante;0;pvc;simple_vitrage;nu_interieur;faible_emissivite;0.43;101
porte_fenetre_battante;0;pvc;simple_vitrage;tunnel;;0.56;99
porte_fenetre_battante;0;pvc;double_vitrage;tunnel;;0.5;100
porte_fenetre_battante;0;pvc;double_vitrage_fe;tunnel;;0.43;101
porte_fenetre_battante;0;pvc;triple_vitrage;tunnel;;0.44;102
porte_fenetre_battante;0;pvc;triple_vitrage_fe;tunnel;;0.4;103
porte_fenetre_battante;0;pvc;simple_vitrage;tunnel;simple;0.5;100
porte_fenetre_battante;0;pvc;simple_vitrage;tunnel;faible_emissivite;0.43;101
porte_fenetre_battante;0;bois;simple_vitrage;nu_exterieur;;0.62;14
porte_fenetre_battante;0;bois;double_vitrage;nu_exterieur;;0.55;15
porte_fenetre_battante;0;bois;double_vitrage_fe;nu_exterieur;;0.48;16
porte_fenetre_battante;0;bois;triple_vitrage;nu_exterieur;;0.49;17
porte_fenetre_battante;0;bois;triple_vitrage_fe;nu_exterieur;;0.44;18
porte_fenetre_battante;0;bois;simple_vitrage;nu_exterieur;simple;0.55;15
porte_fenetre_battante;0;bois;simple_vitrage;nu_exterieur;faible_emissivite;0.48;16
porte_fenetre_battante;0;bois;simple_vitrage;nu_interieur;;0.56;99
porte_fenetre_battante;0;bois;double_vitrage;nu_interieur;;0.5;100
porte_fenetre_battante;0;bois;double_vitrage_fe;nu_interieur;;0.43;101
porte_fenetre_battante;0;bois;triple_vitrage;nu_interieur;;0.44;102
porte_fenetre_battante;0;bois;triple_vitrage_fe;nu_interieur;;0.4;103
porte_fenetre_battante;0;bois;simple_vitrage;nu_interieur;simple;0.5;100
porte_fenetre_battante;0;bois;simple_vitrage;nu_interieur;faible_emissivite;0.43;101
porte_fenetre_battante;0;bois;simple_vitrage;tunnel;;0.56;99
porte_fenetre_battante;0;bois;double_vitrage;tunnel;;0.5;100
porte_fenetre_battante;0;bois;double_vitrage_fe;tunnel;;0.43;101
porte_fenetre_battante;0;bois;triple_vitrage;tunnel;;0.44;102
porte_fenetre_battante;0;bois;triple_vitrage_fe;tunnel;;0.4;103
porte_fenetre_battante;0;bois;simple_vitrage;tunnel;simple;0.5;100
porte_fenetre_battante;0;bois;simple_vitrage;tunnel;faible_emissivite;0.43;101
porte_fenetre_battante;0;bois_metal;simple_vitrage;nu_exterieur;;0.57;39
porte_fenetre_battante;0;bois_metal;double_vitrage;nu_exterieur;;0.51;40
porte_fenetre_battante;0;bois_metal;double_vitrage_fe;nu_exterieur;;0.44;41
porte_fenetre_battante;0;bois_metal;triple_vitrage;nu_exterieur;;0.45;42
porte_fenetre_battante;0;bois_metal;triple_vitrage_fe;nu_exterieur;;0.4;43
porte_fenetre_battante;0;bois_metal;simple_vitrage;nu_exterieur;simple;0.51;40
porte_fenetre_battante;0;bois_metal;simple_vitrage;nu_exterieur;faible_emissivite;0.44;41
porte_fenetre_battante;0;bois_metal;simple_vitrage;nu_interieur;;0.51;124
porte_fenetre_battante;0;bois_metal;double_vitrage;nu_interieur;;0.46;125
porte_fenetre_battante;0;bois_metal;double_vitrage_fe;nu_interieur;;0.39;126
porte_fenetre_battante;0;bois_metal;triple_vitrage;nu_interieur;;0.4;127
porte_fenetre_battante;0;bois_metal;triple_vitrage_fe;nu_interieur;;0.36;128
porte_fenetre_battante;0;bois_metal;simple_vitrage;nu_interieur;simple;0.46;125
porte_fenetre_battante;0;bois_metal;simple_vitrage;nu_interieur;faible_emissivite;0.39;126
porte_fenetre_battante;0;bois_metal;simple_vitrage;tunnel;;0.51;124
porte_fenetre_battante;0;bois_metal;double_vitrage;tunnel;;0.46;125
porte_fenetre_battante;0;bois_metal;double_vitrage_fe;tunnel;;0.39;126
porte_fenetre_battante;0;bois_metal;triple_vitrage;tunnel;;0.4;127
porte_fenetre_battante;0;bois_metal;triple_vitrage_fe;tunnel;;0.36;128
porte_fenetre_battante;0;bois_metal;simple_vitrage;tunnel;simple;0.46;125
porte_fenetre_battante;0;bois_metal;simple_vitrage;tunnel;faible_emissivite;0.39;126
porte_fenetre_battante;0;metal;simple_vitrage;nu_exterieur;;0.63;64
porte_fenetre_battante;0;metal;double_vitrage;nu_exterieur;;0.56;65
porte_fenetre_battante;0;metal;double_vitrage_fe;nu_exterieur;;0.48;66
porte_fenetre_battante;0;metal;triple_vitrage;nu_exterieur;;0.5;67
porte_fenetre_battante;0;metal;triple_vitrage_fe;nu_exterieur;;0.45;68
porte_fenetre_battante;0;metal;simple_vitrage;nu_exterieur;simple;0.56;65
porte_fenetre_battante;0;metal;simple_vitrage;nu_exterieur;faible_emissivite;0.48;66
porte_fenetre_battante;0;metal;simple_vitrage;nu_interieur;;0.56;149
porte_fenetre_battante;0;metal;double_vitrage;nu_interieur;;0.51;150
porte_fenetre_battante;0;metal;double_vitrage_fe;nu_interieur;;0.44;151
porte_fenetre_battante;0;metal;triple_vitrage;nu_interieur;;0.45;152
porte_fenetre_battante;0;metal;triple_vitrage_fe;nu_interieur;;0.4;153
porte_fenetre_battante;0;metal;simple_vitrage;nu_interieur;simple;0.51;150
porte_fenetre_battante;0;metal;simple_vitrage;nu_interieur;faible_emissivite;0.44;151
porte_fenetre_battante;0;metal;simple_vitrage;tunnel;;0.56;149
porte_fenetre_battante;0;metal;double_vitrage;tunnel;;0.51;150
porte_fenetre_battante;0;metal;double_vitrage_fe;tunnel;;0.44;151
porte_fenetre_battante;0;metal;triple_vitrage;tunnel;;0.45;152
porte_fenetre_battante;0;metal;triple_vitrage_fe;tunnel;;0.4;153
porte_fenetre_battante;0;metal;simple_vitrage;tunnel;simple;0.51;150
porte_fenetre_battante;0;metal;simple_vitrage;tunnel;faible_emissivite;0.44;151
porte_fenetre_battante;0;metal;simple_vitrage;nu_exterieur;;0.64;84
porte_fenetre_battante;0;metal;double_vitrage;nu_exterieur;;0.58;85
porte_fenetre_battante;0;metal;double_vitrage_fe;nu_exterieur;;0.5;86
porte_fenetre_battante;0;metal;triple_vitrage;nu_exterieur;;0.52;87
porte_fenetre_battante;0;metal;triple_vitrage_fe;nu_exterieur;;0.47;88
porte_fenetre_battante;0;metal;simple_vitrage;nu_exterieur;simple;0.58;85
porte_fenetre_battante;0;metal;simple_vitrage;nu_exterieur;faible_emissivite;0.5;86
porte_fenetre_battante;0;metal;simple_vitrage;nu_interieur;;0.58;169
porte_fenetre_battante;0;metal;double_vitrage;nu_interieur;;0.52;170
porte_fenetre_battante;0;metal;double_vitrage_fe;nu_interieur;;0.45;171
porte_fenetre_battante;0;metal;triple_vitrage;nu_interieur;;0.46;172
porte_fenetre_battante;0;metal;triple_vitrage_fe;nu_interieur;;0.42;173
porte_fenetre_battante;0;metal;simple_vitrage;nu_interieur;simple;0.52;170
porte_fenetre_battante;0;metal;simple_vitrage;nu_interieur;faible_emissivite;0.45;171
porte_fenetre_battante;0;metal;simple_vitrage;tunnel;;0.58;169
porte_fenetre_battante;0;metal;double_vitrage;tunnel;;0.52;170
porte_fenetre_battante;0;metal;double_vitrage_fe;tunnel;;0.45;171
porte_fenetre_battante;0;metal;triple_vitrage;tunnel;;0.46;172
porte_fenetre_battante;0;metal;triple_vitrage_fe;tunnel;;0.42;173
porte_fenetre_battante;0;metal;simple_vitrage;tunnel;simple;0.52;170
porte_fenetre_battante;0;metal;simple_vitrage;tunnel;faible_emissivite;0.45;171
porte_fenetre_battante;1;pvc;simple_vitrage;nu_exterieur;;0.53;19
porte_fenetre_battante;1;pvc;double_vitrage;nu_exterieur;;0.48;20
porte_fenetre_battante;1;pvc;double_vitrage_fe;nu_exterieur;;0.41;21
porte_fenetre_battante;1;pvc;triple_vitrage;nu_exterieur;;0.42;22
porte_fenetre_battante;1;pvc;triple_vitrage_fe;nu_exterieur;;0.38;23
porte_fenetre_battante;1;pvc;simple_vitrage;nu_exterieur;simple;0.48;20
porte_fenetre_battante;1;pvc;simple_vitrage;nu_exterieur;faible_emissivite;0.41;21
porte_fenetre_battante;1;pvc;simple_vitrage;nu_interieur;;0.48;104
porte_fenetre_battante;1;pvc;double_vitrage;nu_interieur;;0.43;105
porte_fenetre_battante;1;pvc;double_vitrage_fe;nu_interieur;;0.37;106
porte_fenetre_battante;1;pvc;triple_vitrage;nu_interieur;;0.38;107
porte_fenetre_battante;1;pvc;triple_vitrage_fe;nu_interieur;;0.34;108
porte_fenetre_battante;1;pvc;simple_vitrage;nu_interieur;simple;0.43;105
porte_fenetre_battante;1;pvc;simple_vitrage;nu_interieur;faible_emissivite;0.37;106
porte_fenetre_battante;1;pvc;simple_vitrage;tunnel;;0.48;104
porte_fenetre_battante;1;pvc;double_vitrage;tunnel;;0.43;105
porte_fenetre_battante;1;pvc;double_vitrage_fe;tunnel;;0.37;106
porte_fenetre_battante;1;pvc;triple_vitrage;tunnel;;0.38;107
porte_fenetre_battante;1;pvc;triple_vitrage_fe;tunnel;;0.34;108
porte_fenetre_battante;1;pvc;simple_vitrage;tunnel;simple;0.43;105
porte_fenetre_battante;1;pvc;simple_vitrage;tunnel;faible_emissivite;0.37;106
porte_fenetre_battante;1;bois;simple_vitrage;nu_exterieur;;0.53;19
porte_fenetre_battante;1;bois;double_vitrage;nu_exterieur;;0.48;20
porte_fenetre_battante;1;bois;double_vitrage_fe;nu_exterieur;;0.41;21
porte_fenetre_battante;1;bois;triple_vitrage;nu_exterieur;;0.42;22
porte_fenetre_battante;1;bois;triple_vitrage_fe;nu_exterieur;;0.38;23
porte_fenetre_battante;1;bois;simple_vitrage;nu_exterieur;simple;0.48;20
porte_fenetre_battante;1;bois;simple_vitrage;nu_exterieur;faible_emissivite;0.41;21
porte_fenetre_battante;1;bois;simple_vitrage;nu_interieur;;0.48;104
porte_fenetre_battante;1;bois;double_vitrage;nu_interieur;;0.43;105
porte_fenetre_battante;1;bois;double_vitrage_fe;nu_interieur;;0.37;106
porte_fenetre_battante;1;bois;triple_vitrage;nu_interieur;;0.38;107
porte_fenetre_battante;1;bois;triple_vitrage_fe;nu_interieur;;0.34;108
porte_fenetre_battante;1;bois;simple_vitrage;nu_interieur;simple;0.43;105
porte_fenetre_battante;1;bois;simple_vitrage;nu_interieur;faible_emissivite;0.37;106
porte_fenetre_battante;1;bois;simple_vitrage;tunnel;;0.48;104
porte_fenetre_battante;1;bois;double_vitrage;tunnel;;0.43;105
porte_fenetre_battante;1;bois;double_vitrage_fe;tunnel;;0.37;106
porte_fenetre_battante;1;bois;triple_vitrage;tunnel;;0.38;107
porte_fenetre_battante;1;bois;triple_vitrage_fe;tunnel;;0.34;108
porte_fenetre_battante;1;bois;simple_vitrage;tunnel;simple;0.43;105
porte_fenetre_battante;1;bois;simple_vitrage;tunnel;faible_emissivite;0.37;106
porte_fenetre_battante;1;bois_metal;simple_vitrage;nu_exterieur;;0.5;44
porte_fenetre_battante;1;bois_metal;double_vitrage;nu_exterieur;;0.45;45
porte_fenetre_battante;1;bois_metal;double_vitrage_fe;nu_exterieur;;0.39;46
porte_fenetre_battante;1;bois_metal;triple_vitrage;nu_exterieur;;0.4;47
porte_fenetre_battante;1;bois_metal;triple_vitrage_fe;nu_exterieur;;0.36;48
porte_fenetre_battante;1;bois_metal;simple_vitrage;nu_exterieur;simple;0.45;45
porte_fenetre_battante;1;bois_metal;simple_vitrage;nu_exterieur;faible_emissivite;0.39;46
porte_fenetre_battante;1;bois_metal;simple_vitrage;nu_interieur;;0.45;129
porte_fenetre_battante;1;bois_metal;double_vitrage;nu_interieur;;0.4;130
porte_fenetre_battante;1;bois_metal;double_vitrage_fe;nu_interieur;;0.35;131
porte_fenetre_battante;1;bois_metal;triple_vitrage;nu_interieur;;0.36;132
porte_fenetre_battante;1;bois_metal;triple_vitrage_fe;nu_interieur;;0.32;133
porte_fenetre_battante;1;bois_metal;simple_vitrage;nu_interieur;simple;0.4;130
porte_fenetre_battante;1;bois_metal;simple_vitrage;nu_interieur;faible_emissivite;0.35;131
porte_fenetre_battante;1;bois_metal;simple_vitrage;tunnel;;0.45;129
porte_fenetre_battante;1;bois_metal;double_vitrage;tunnel;;0.4;130
porte_fenetre_battante;1;bois_metal;double_vitrage_fe;tunnel;;0.35;131
porte_fenetre_battante;1;bois_metal;triple_vitrage;tunnel;;0.36;132
porte_fenetre_battante;1;bois_metal;triple_vitrage_fe;tunnel;;0.32;133
porte_fenetre_battante;1;bois_metal;simple_vitrage;tunnel;simple;0.4;130
porte_fenetre_battante;1;bois_metal;simple_vitrage;tunnel;faible_emissivite;0.35;131
porte_fenetre_battante;1;metal;simple_vitrage;nu_exterieur;;0.63;64
porte_fenetre_battante;1;metal;double_vitrage;nu_exterieur;;0.56;65
porte_fenetre_battante;1;metal;double_vitrage_fe;nu_exterieur;;0.48;66
porte_fenetre_battante;1;metal;triple_vitrage;nu_exterieur;;0.5;67
porte_fenetre_battante;1;metal;triple_vitrage_fe;nu_exterieur;;0.45;68
porte_fenetre_battante;1;metal;simple_vitrage;nu_exterieur;simple;0.56;65
porte_fenetre_battante;1;metal;simple_vitrage;nu_exterieur;faible_emissivite;0.48;66
porte_fenetre_battante;1;metal;simple_vitrage;nu_interieur;;0.56;149
porte_fenetre_battante;1;metal;double_vitrage;nu_interieur;;0.51;150
porte_fenetre_battante;1;metal;double_vitrage_fe;nu_interieur;;0.44;151
porte_fenetre_battante;1;metal;triple_vitrage;nu_interieur;;0.45;152
porte_fenetre_battante;1;metal;triple_vitrage_fe;nu_interieur;;0.4;153
porte_fenetre_battante;1;metal;simple_vitrage;nu_interieur;simple;0.51;150
porte_fenetre_battante;1;metal;simple_vitrage;nu_interieur;faible_emissivite;0.44;151
porte_fenetre_battante;1;metal;simple_vitrage;tunnel;;0.56;149
porte_fenetre_battante;1;metal;double_vitrage;tunnel;;0.51;150
porte_fenetre_battante;1;metal;double_vitrage_fe;tunnel;;0.44;151
porte_fenetre_battante;1;metal;triple_vitrage;tunnel;;0.45;152
porte_fenetre_battante;1;metal;triple_vitrage_fe;tunnel;;0.4;153
porte_fenetre_battante;1;metal;simple_vitrage;tunnel;simple;0.51;150
porte_fenetre_battante;1;metal;simple_vitrage;tunnel;faible_emissivite;0.44;151
porte_fenetre_battante;1;metal;simple_vitrage;nu_exterieur;;0.64;84
porte_fenetre_battante;1;metal;double_vitrage;nu_exterieur;;0.58;85
porte_fenetre_battante;1;metal;double_vitrage_fe;nu_exterieur;;0.5;86
porte_fenetre_battante;1;metal;triple_vitrage;nu_exterieur;;0.52;87
porte_fenetre_battante;1;metal;triple_vitrage_fe;nu_exterieur;;0.47;88
porte_fenetre_battante;1;metal;simple_vitrage;nu_exterieur;simple;0.58;85
porte_fenetre_battante;1;metal;simple_vitrage;nu_exterieur;faible_emissivite;0.5;86
porte_fenetre_battante;1;metal;simple_vitrage;nu_interieur;;0.58;169
porte_fenetre_battante;1;metal;double_vitrage;nu_interieur;;0.52;170
porte_fenetre_battante;1;metal;double_vitrage_fe;nu_interieur;;0.45;171
porte_fenetre_battante;1;metal;triple_vitrage;nu_interieur;;0.46;172
porte_fenetre_battante;1;metal;triple_vitrage_fe;nu_interieur;;0.42;173
porte_fenetre_battante;1;metal;simple_vitrage;nu_interieur;simple;0.52;170
porte_fenetre_battante;1;metal;simple_vitrage;nu_interieur;faible_emissivite;0.45;171
porte_fenetre_battante;1;metal;simple_vitrage;tunnel;;0.58;169
porte_fenetre_battante;1;metal;double_vitrage;tunnel;;0.52;170
porte_fenetre_battante;1;metal;double_vitrage_fe;tunnel;;0.45;171
porte_fenetre_battante;1;metal;triple_vitrage;tunnel;;0.46;172
porte_fenetre_battante;1;metal;triple_vitrage_fe;tunnel;;0.42;173
porte_fenetre_battante;1;metal;simple_vitrage;tunnel;simple;0.52;170
porte_fenetre_battante;1;metal;simple_vitrage;tunnel;faible_emissivite;0.45;171
